{
  "n": 3435,
  "na_any": 0,
  "close_min": 11.89680290222168,
  "close_max": 258.1037292480469,
  "logret_1d_mean": 0.0008544191928926718,
  "logret_1d_std": 0.017994561407538936
}