{
  "n": 3435,
  "na_any": 0,
  "close_min": 11.896803855895996,
  "close_max": 258.1037292480469,
  "logret_1d_mean": 0.0008544192603802625,
  "logret_1d_std": 0.01799455585734069
}