{
  "n": 3435,
  "na_any": 0,
  "close_min": 11.896801948547363,
  "close_max": 258.1037292480469,
  "logret_1d_mean": 0.0008544192828761296,
  "logret_1d_std": 0.017994557584911128
}